[
    {
        "title": "MY PRODUCTS",
        "id": "MY_PRODUCTS",
        "child": [
            {
                "id": "DASHBOARD",
                "title": "My Dashboard"
            },
            {
                "id": "ACCOUNT",
                "title": "Accounts",
                "subChild": [
                    {
                        "id": "MY_ACCOUNTS",
                        "title": "My Accounts"
                    },
                    {
                        "id": "GOLD",
                        "title": "GOLD",
                        "nestedSubChild": [
                            {
                                "id": "OPEN_GOLD_CURRENCY_ACCOUNT",
                                "title": "Open Gold Currency Account"
                            },
                            {
                                "id": "BUY_GOLD",
                                "title": "Buy Gold"
                            },
                            {
                                "id": "SELL_GOLD",
                                "title": "Sell Gold"
                            }
                        ]
                    }
                ]
            },
            {
                "id": "DEBITCARDS",
                "title": "Debit Cards"
            },
            {
                "id": "CREDITCARDS",
                "title": "Credit Cards"
            },
            {
                "id": "LOANS",
                "title": "Loans",
                "flag": "y",
                "subChild": [
                    {
                        "id": "LOANS_OVERVIEW",
                        "title": "Loan Overview"
                    },
                    {
                        "id": "LOAN_DEFERRAL",
                        "title": "Loan Deferral"
                    }
                ]
            },
            {
                "id": "ISAVE",
                "title": "ISave"
            },
            {
                "id": "INVESTMENTS",
                "title": "Investments",
                "subChild": [
                    {
                        "id": "ASSETS_AND_PRODUCT_ALLOCATION",
                        "title": "Assets & Product Allocation"
                    },
                    {
                        "id": "HOLDING_SUMMARY",
                        "title": "Holding Summary"
                    },
                    {
                        "id": "TRANSACTION_HISTORY",
                        "title": "Transaction History"
                    },
                    {
                        "id": "PENDING_ORDER_STATUS",
                        "title": "Pending Order Status"
                    },
                    {
                        "id": "GLOBAL_MARKET_UPDATE",
                        "title": "Global Market Update"
                    },
                    {
                        "id": "APPLY_FOR_AN_INVESTMENT",
                        "title": "Apply for an Investment"
                    },
                    {
                        "id": "MUTUAL_FUNDS",
                        "title": "Mutual Funds"
                    },
                    {
                        "id": "SUBSCRIPTIONS_BOND_FUND",
                        "title": "Subscriptions Bond Fund"
                    }
                ]
            },
            {
                "id": "SERVICES",
                "title": "Services",
                "subChild": [
                    {
                        "id": "RATES",
                        "title": "Rates"
                    },
                    {
                        "id": "CHEQUE_BOOK_REQUEST",
                        "title": "Cheque Book Request"
                    },
                    {
                        "id": "APPLY_FOR_AN_ADDITIONAL_CARD",
                        "title": "Apply for an Additional Card"
                    },
                    {
                        "id": "OPEN_TERM_DEPOSIT",
                        "title": "Open Term Deposit"
                    },
                    {
                        "id": "UPDATE_MOBILE_NUMBER",
                        "title": "Update Mobile Number"
                    },
                    {
                        "id": "CREDIT_CARD_SERVICES",
                        "title": "CREDIT CARD SERVICES",
                        "nestedSubChild": [
                            {
                                "id": "CREDIT_SHIELD_ACTIVATION",
                                "title": "Credit Shield Activation"
                            }
                        ]
                    }
                ]
            },
            {
                "id": "APPLY_FOR_PRODUCT",
                "title": "Apply for Product"
            }
        ]
    },
    {
        "title": "TRANSFERS & PAYMENTS",
        "id": "TRANSFERS_AND_PAYMENTS",
        "child": [
            {
                "id": "TRANSFER_MONEY",
                "title": "Transfer Money"
            },
            {
                "id": "PAYMENTS",
                "title": "Payments"
            },
            {
                "id": "BENEFICIARIES",
                "title": "Beneficiaries"
            }
        ]
    },
    {
        "title": "OTHERS",
        "id": "OTHERS",
        "child": [
            {
                "id": "ATM_BRANCH_LOCATIONS",
                "title": "ATM & Branch Locations"
            },
            {
                "id": "CONTACT_US",
                "title": "Contact Us"
            },
            {
                "id": "FAB_OFFERS",
                "title": "FAB Offers"
            },
            {
                "id": "LANGUAGE",
                "title": "Language"
            }
        ]
    }
]