[
	{
		"title": "MY PRODUCTS",
		"child": [
			{
				"id": "DASHBOARD",
				"title": "My Dashboard"
			},
			{
				"id": "ACCOUNT",
				"title": "Accounts",
				"subChild": []
			},
			{
				"id": "DEBITCARDS",
				"title": "Debit Cards"
			},
			{
				"id": "CREDITCARDS",
				"title": "Credit Cards"
			},
			{
				"id": "LOANS",
				"title": "Loans",
				"flag": "y",
				"subChild": [
					{
						"id": "LOAN_DEFERRAL",
						"title": "Loan Deferral"
					}
				]
			},
			{
				"id": "ISAVE",
				"title": "ISave"
			},
			{
				"id": "INVESTMENTS",
				"title": "Investments",
				"subChild": [
					{
						"id": "ASSETS_AND_PRODUCT_ALLOCATION",
						"title": "Assets & Product Allocation"
					},
					{
						"id": "HOLDING_SUMMARY",
						"title": "Holding Summary"
					},
					{
						"id": "TRANSACTION_HISTORY",
						"title": "Transaction History"
					},
					{
						"id": "PENDING_ORDER_STATUS",
						"title": "Pending Order Status"
					}
				]
			},
			{
				"id": "SERVICES",
				"title": "Services",
				"subChild": [
					{
						"id": "CHEQUE_BOOK_REQUEST",
						"title": "Cheque Book Request"
					}
				]
			},
			{
				"id": "APPLY_FOR_PRODUCT",
				"title": "Apply for Product"
			}
		]
	},
	{
		"title": "TRANSFERS & PAYMENTS",
		"child": [
			{
				"id": "TRANSFER_MONEY",
				"title": "Transfer Money"
			},
			{
				"id": "PAYMENTS",
				"title": "Payments"
			},
			{
				"id": "BENEFICIARIES",
				"title": "Beneficiaries"
			}
		]
	},
	{
		"title": "OTHERS",
		"child": [
			{
				"id": "ATM_BRANCH_LOCATIONS",
				"title": "ATM & Branch Locations"
			},
			{
				"id": "CONTACT_US",
				"title": "Contact Us"
			},
			{
				"id": "FAB_OFFERS",
				"title": "FAB Offers"
			},
			{
				"id": "LANGUAGE",
				"title": "Language"
			}
		]
	}
]