<?xml version="1.0" encoding="UTF-8"?>
<beans xmlns="http://www.springframework.org/schema/beans"
	xmlns:batch="http://www.springframework.org/schema/batch" 
	xmlns:xsi="http://www.w3.org/2001/XMLSchema-instance"
	xmlns:context="http://www.springframework.org/schema/context"
	xsi:schemaLocation="http://www.springframework.org/schema/batch
	http://www.springframework.org/schema/batch/spring-batch-3.0.xsd
	http://www.springframework.org/schema/beans
	http://www.springframework.org/schema/beans/spring-beans-4.3.xsd 
	http://www.springframework.org/schema/context
	http://www.springframework.org/schema/context/spring-context-4.3.xsd
	http://www.springframework.org/schema/aop 
	http://www.springframework.org/schema/aop/spring-aop-4.3.xsd
    http://www.springframework.org/schema/tx 
    http://www.springframework.org/schema/tx/spring-tx-4.3.xsd">

	<!-- COMPONENT PACKAGE SCAN -->
	<context:annotation-config />
	<context:component-scan base-package="com.fab.si" />
	
	<!-- IMPORT PROPERTIES JOBS CRON-TRIGGER RESOURCE -->
	<import resource="classpath:applicationProperties.xml" />
	<import resource="classpath:siJobs.xml" />

	<!-- TRANSACTION MANAGER -->
	<bean id="transactionManager"
		class="org.springframework.batch.support.transaction.ResourcelessTransactionManager" />

	<!-- SPRING BATCH CONTEXT -->
	<bean id="jobRepository"
		class="org.springframework.batch.core.repository.support.MapJobRepositoryFactoryBean">
		<property name="transactionManager" ref="transactionManager" />
	</bean>

	<!-- JOB LAUNCHER -->
	<bean id="jobLauncher"
		class="org.springframework.batch.core.launch.support.SimpleJobLauncher">
		<property name="jobRepository" ref="jobRepository" />
		<!-- PARALLEL JOBS RUNNING CONFIG -->
		<property name="taskExecutor">
			<!-- <bean class="org.springframework.core.task.SimpleAsyncTaskExecutor">
				<property name="concurrencyLimit" value="10" />
			</bean> -->
			<bean class="org.springframework.scheduling.concurrent.ThreadPoolTaskExecutor">
				<property name="corePoolSize" value="${spring.task.thread.core.pool}" />
				<property name="maxPoolSize" value="${spring.task.thread.max.pool}" />
				<property name="WaitForTasksToCompleteOnShutdown" value="true" />
			</bean>
		</property>
	</bean>

	<!-- JOB REGISTRY -->
	<bean id="jobRegistry"
		class="org.springframework.batch.core.configuration.support.MapJobRegistry" />

	<!-- JOB REGISTRY BEAN POST PROCESSOR -->
	<bean id="jobRegistryBeanPostProcessor"
		class="org.springframework.batch.core.configuration.support.JobRegistryBeanPostProcessor">
		<property name="jobRegistry" ref="jobRegistry" />
	</bean>

	<!-- PB JDBC DATASOURCE -->
	<bean id="pbDataSource" class="oracle.ucp.jdbc.PoolDataSourceImpl" primary="true">
		<property name="connectionFactoryClassName" value="oracle.jdbc.pool.OracleDataSource"/>
		<property name="URL" value="${pb.jdbc.url}" />
		<property name="user" value="${pb.jdbc.user}" />
		<property name="password" value="${pb.jdbc.password}" />
		<property name="maxPoolSize" value="${jdbc.max.pool.size}"/>
		<property name="initialPoolSize" value="${jdbc.intial.pool.size}"/>
		<property name="minPoolSize" value="${jdbc.min.pool.size}"/>
		<property name="connectionPoolName" value="PB_CONN_POOL"/>
		<property name="connectionWaitTimeout" value="10"/>
		<property name="validateConnectionOnBorrow" value="true"/>
		<!-- Not recommended for oracle ucp. it does an internal ping which faster than the sql -->
		<!-- <property name="sqlForValidateConnection" value="select 1 from dual"/> --> 
	</bean>
	
	<!-- CI JDBC DATASOURCE -->
	<bean id="ciDs" class="oracle.ucp.jdbc.PoolDataSourceImpl">
		<property name="connectionFactoryClassName" value="oracle.jdbc.pool.OracleDataSource"/>
		<property name="URL" value="${ci.jdbc.url}" />
		<property name="user" value="${ci.jdbc.user}" />
		<property name="password" value="${ci.jdbc.password}" />
		<property name="maxPoolSize" value="${jdbc.max.pool.size}"/>
		<property name="initialPoolSize" value="${jdbc.intial.pool.size}"/>
		<property name="minPoolSize" value="${jdbc.min.pool.size}"/>
		<property name="connectionPoolName" value="CI_CONN_POOL"/>
		<property name="connectionWaitTimeout" value="10"/>
		<property name="validateConnectionOnBorrow" value="true"/>
		<!-- <property name="sqlForValidateConnection" value="select 1 from dual"/> -->
	</bean>

	<!-- SALIK CUSTOM JDBC READER PROCESSOR WRITER -->
	<bean id="salikJdbcItemReader" class="com.fab.si.reader.SalikJdbcReader"/>
	<bean id="salikItemProcessor" class="com.fab.si.processor.SalikItemProcessor" />
	<bean id="salikItemWriter" class="com.fab.si.writer.SalikItemWriter" />

	<!-- AADC CUSTOM JDBC READER WRITER -->
	<bean id="aadcJdbcItemReader" class="com.fab.si.reader.AadcJdbcReader"/>
	<bean id="aadcItemProcessor" class="com.fab.si.processor.AadcItemProcessor" />
	<bean id="aadcItemWriter" class="com.fab.si.writer.AadcItemWriter" />
	
	<!-- ADDC CUSTOM JDBC READER WRITER -->
	<bean id="addcJdbcItemReader" class="com.fab.si.reader.AddcJdbcReader"/>
	<bean id="addcItemProcessor" class="com.fab.si.processor.AddcItemProcessor" />
	<bean id="addcItemWriter" class="com.fab.si.writer.AddcItemWriter" />
	
	<!-- DEWA CUSTOM JDBC READER WRITER -->
	<bean id="dewaJdbcItemReader" class="com.fab.si.reader.DewaJdbcReader" />
	<bean id="dewaItemProcessor" class="com.fab.si.processor.DewaItemProcessor" />
	<bean id="dewaItemWriter" class="com.fab.si.writer.DewaItemWriter" />
	
	<!-- SEWA CUSTOM JDBC READER PROCESSOR WRITER -->
	<bean id="sewaJdbcItemReader" class="com.fab.si.reader.SewaJdbcReader" />
	<bean id="sewaItemProcessor" class="com.fab.si.processor.SewaItemProcessor" />
	<bean id="sewaItemWriter" class="com.fab.si.writer.SewaItemWriter" />
	
	<!-- FEWA CUSTOM JDBC READER WRITER -->
	<bean id="fewaJdbcItemReader" class="com.fab.si.reader.FewaJdbcReader" />
	<bean id="fewaItemProcessor" class="com.fab.si.processor.FewaItemProcessor" />
	<bean id="fewaItemWriter" class="com.fab.si.writer.FewaItemWriter" />
	
	<!-- ETISALAT CUSTOM JDBC READER WRITER -->
	<bean id="etisalatJdbcItemReader" class="com.fab.si.reader.EtisalatJdbcReader" />
	<bean id="etisalatItemProcessor" class="com.fab.si.processor.EtisalatItemProcessor" />
	<bean id="etisalatItemWriter" class="com.fab.si.writer.EtisalatItemWriter" />
	
	<!-- DU CUSTOM JDBC READER WRITER -->
	<bean id="duJdbcItemReader" class="com.fab.si.reader.DuJdbcReader" />
	<bean id="duItemProcessor" class="com.fab.si.processor.DuItemProcessor" />
	<bean id="duItemWriter" class="com.fab.si.writer.DuItemWriter" />
	
	<!-- FT OWN ACCOUNT CUSTOM JDBC READER WRITER -->
	<bean id="ftOwnJdbcItemReader" class="com.fab.si.reader.FTOwnJdbcReader" />
	<bean id="ftOwnItemProcessor" class="com.fab.si.processor.FTOwnItemProcessor" />
	<bean id="ftOwnItemWriter" class="com.fab.si.writer.FTOwnItemWriter" />
	
	<!-- FT WITHIN BANK CUSTOM JDBC READER WRITER -->
	<bean id="ftWithinBankJdbcItemReader" class="com.fab.si.reader.FTWithinBankJdbcReader" />
	<bean id="ftWithinBankItemProcessor" class="com.fab.si.processor.FTWithinBankItemProcessor" />
	<bean id="ftWithinBankItemWriter" class="com.fab.si.writer.FTWithinBankItemWriter" />
	
	<!-- FT WITHIN UAE CUSTOM JDBC READER WRITER -->
	<bean id="ftWithinUaeJdbcItemReader" class="com.fab.si.reader.FTWithinUaeJdbcReader" />
	<bean id="ftWithinUaeItemProcessor" class="com.fab.si.processor.FTWithinUaeItemProcessor" />
	<bean id="ftWithinUaeItemWriter" class="com.fab.si.writer.FTWithinUaeItemWriter" />
	
	<!-- FT INTERNATIONAL CUSTOM JDBC READER WRITER -->
	<bean id="ftIntJdbcItemReader" class="com.fab.si.reader.FTIntJdbcReader" />
	<bean id="ftIntItemProcessor" class="com.fab.si.processor.FTIntItemProcessor" />
	<bean id="ftIntItemWriter" class="com.fab.si.writer.FTIntItemWriter" />
	
	<!-- NOTIFY CUSTOM JDBC READER WRITER -->
	<bean id="notifyJdbcItemReader" class="com.fab.si.reader.NotifyJdbcReader"/>
	<bean id="notifyItemProcessor" class="com.fab.si.processor.NotifyItemProcessor" />
	<bean id="notifyItemWriter" class="com.fab.si.writer.NotifyItemWriter" />
	
	<!-- HTTP CONNECTOR COMPONENT -->
	<bean id="httpConnect" class="com.fab.si.helper.HttpConnector"/>
	<!-- UBP UTILITY COMPONENT -->
	<bean id="siUtility" class="com.fab.si.helper.SIUtility"/>
	<!-- SI TXN REPO COMPONENT -->
	<bean id="siTxnRepo" class="com.fab.si.repository.SITransactionRepository"/>
	<!-- NOTIFICATION REPO COMPONENT -->
	<bean id="notifyRepo" class="com.fab.si.repository.NotificationRepository"/>
	<!-- NOTIFICATION REPO COMPONENT -->
	<bean id="custRepo" class="com.fab.si.repository.CustomerRepository"/>
	<!-- PREPARED STATEMENT SETTER -->
	<bean id="preparedStmtSetter" class="com.fab.si.processor.SIPreparedStmtSetter"/>
	<!-- RESULTSET MAPPER -->
	<bean id="resultSetMapper" class="com.fab.si.processor.SIRowMapper"/>
</beans>