<?xml version="1.0" encoding="UTF-8" ?>
<!DOCTYPE log4j:configuration SYSTEM "log4j.dtd">

<!-- <Properties>
		  <Property name="log-path">D:/logs</Property>
		  <Property name="log-path">/pbapp/IBM/Websphere/Liberty/usr/servers/wlpserver/logs</Property>
</Properties> -->

<log4j:configuration xmlns:log4j="http://jakarta.apache.org/log4j/">
	<appender name="InfoAppender" class="org.apache.log4j.RollingFileAppender">
		<param name="File" value="/pbapp/IBM/Websphere/Liberty/usr/servers/wlpserver/logs/StandingInstructions/SI_OUT.log" />
		<param name="MaxFileSize" value="10MB" />
		<param name="MaxBackupIndex" value="100" />
		<param name="Encoding" value="UTF-8" />
		<layout class="org.apache.log4j.PatternLayout">
			<param name="ConversionPattern" value="%d{DATE} %p (%t) [%c{1}:%L]: %m%n" />
		</layout>
	</appender>

	<appender name="ErrorAppender" class="org.apache.log4j.RollingFileAppender">
		<param name="File" value="/pbapp/IBM/Websphere/Liberty/usr/servers/wlpserver/logs/StandingInstructions/SI_ERR.log" />
		<param name="MaxFileSize" value="10MB" />
		<param name="MaxBackupIndex" value="50" />
		<param name="Threshold" value="ERROR" />
		<param name="Encoding" value="UTF-8" />
		<layout class="org.apache.log4j.PatternLayout">
			<param name="ConversionPattern" value="%d{DATE} %p (%t) [%c{1}:%L]: %m%n" />
		</layout>
	</appender>

	<appender name="OtherErrAppender" class="org.apache.log4j.RollingFileAppender">
		<param name="File" value="/pbapp/IBM/Websphere/Liberty/usr/servers/wlpserver/logs/StandingInstructions/Other_ERR.log" />
		<param name="MaxFileSize" value="10MB" />
		<param name="MaxBackupIndex" value="50" />
		<param name="Threshold" value="ERROR" />
		<layout class="org.apache.log4j.PatternLayout">
			<param name="ConversionPattern" value="%d{DATE} %p (%t) [%c{1}:%L]: %m%n" />
		</layout>
	</appender>

	<appender name="Console" class="org.apache.log4j.ConsoleAppender">
		<param name="Target" value="System.out"/> 
		<layout class="org.apache.log4j.PatternLayout">
			<param name="ConversionPattern" value="%d{DATE} %p (%t) [%c{1}:%L]: %m%n" />
		</layout>
	</appender>

	<logger name="net.sf.ehcache" additivity="false">
	  <level value="ERROR"/>
    	<appender-ref ref="OtherErrAppender" />
	</logger>

	<logger name="org.apache" additivity="false">
		<level value="ERROR"/>
    	<appender-ref ref="OtherErrAppender" />
	</logger>

	<logger name="org.apache.cxf" additivity="false">
		<level value="ERROR"/>
    	<appender-ref ref="OtherErrAppender" />
	</logger>

	<logger name="org.springframework" additivity="false">
		<level value="ERROR"/>
    	<appender-ref ref="OtherErrAppender" />
	</logger>

	<logger name="org.jsmpp" additivity="false">
		<level value="INFO"/>
    	<appender-ref ref="InfoAppender" />
	</logger>
	
	<root>
		<priority value="INFO" />
		<appender-ref ref="InfoAppender" />
		<appender-ref ref="ErrorAppender" />
		<appender-ref ref="Console" />
	</root>
</log4j:configuration>
