<?xml version="1.0" encoding="UTF-8"?>
<beans xmlns="http://www.springframework.org/schema/beans"
	xmlns:batch="http://www.springframework.org/schema/batch" 
	xmlns:xsi="http://www.w3.org/2001/XMLSchema-instance"
	xmlns:context="http://www.springframework.org/schema/context"
	xsi:schemaLocation="http://www.springframework.org/schema/batch
	http://www.springframework.org/schema/batch/spring-batch-3.0.xsd
	http://www.springframework.org/schema/beans
	http://www.springframework.org/schema/beans/spring-beans-4.3.xsd 
	http://www.springframework.org/schema/context
	http://www.springframework.org/schema/context/spring-context-4.3.xsd
	http://www.springframework.org/schema/aop 
	http://www.springframework.org/schema/aop/spring-aop-4.3.xsd
    http://www.springframework.org/schema/tx 
    http://www.springframework.org/schema/tx/spring-tx-4.3.xsd">

	<!-- SALIK SI JOB -->
	<batch:job id="salikJob">
		<batch:step id="salikSipayment">
			<batch:tasklet>
				<batch:chunk reader="salikJdbcItemReader" processor="salikItemProcessor" writer="salikItemWriter" commit-interval="5"></batch:chunk>
			</batch:tasklet>
		</batch:step>
	</batch:job>
	<!--SALIK JOB DETAILS -->
	<bean id="salikJobDetail"
		class="org.springframework.scheduling.quartz.JobDetailFactoryBean">
		<property name="jobClass" value="com.fab.si.config.JobLauncherDetails" />
		<property name="group" value="quartz-batch" />
		<property name="jobDataAsMap">
			<map>
				<entry key="jobName" value="salikJob" />
				<entry key="jobLocator" value-ref="jobRegistry" />
				<entry key="jobLauncher" value-ref="jobLauncher" />
			</map>
		</property>
		<!-- <property name="durability" value="true" /> -->
	</bean>

	<!-- SEWA SI JOB -->
	<batch:job id="sewaJob">
		<batch:step id="sewaSipayment">
			<batch:tasklet>
				<batch:chunk reader="sewaJdbcItemReader" processor="sewaItemProcessor" writer="sewaItemWriter" commit-interval="5"></batch:chunk>
			</batch:tasklet>
		</batch:step>
	</batch:job>
	<!--SEWA JOB DETAILS -->
	<bean id="sewaJobDetail"
		class="org.springframework.scheduling.quartz.JobDetailFactoryBean">
		<property name="jobClass" value="com.fab.si.config.JobLauncherDetails" />
		<property name="group" value="quartz-batch" />
		<property name="jobDataAsMap">
			<map>
				<entry key="jobName" value="sewaJob" />
				<entry key="jobLocator" value-ref="jobRegistry" />
				<entry key="jobLauncher" value-ref="jobLauncher" />
			</map>
		</property>
	</bean>
	
	<!-- AADC SI JOB -->
	<batch:job id="aadcJob">
		<batch:step id="aadcSipayment">
			<batch:tasklet>
				<batch:chunk reader="aadcJdbcItemReader" processor="aadcItemProcessor" writer="aadcItemWriter" commit-interval="5"></batch:chunk>
			</batch:tasklet>
		</batch:step>
	</batch:job>
	<!--AADC JOB DETAILS -->
	<bean id="aadcJobDetail"
		class="org.springframework.scheduling.quartz.JobDetailFactoryBean">
		<property name="jobClass" value="com.fab.si.config.JobLauncherDetails" />
		<property name="group" value="quartz-batch" />
		<property name="jobDataAsMap">
			<map>
				<entry key="jobName" value="aadcJob" />
				<entry key="jobLocator" value-ref="jobRegistry" />
				<entry key="jobLauncher" value-ref="jobLauncher" />
			</map>
		</property>
	</bean>
	
	<!-- ADDC SI JOB -->
	<batch:job id="addcJob">
		<batch:step id="addcSipayment">
			<batch:tasklet>
				<batch:chunk reader="addcJdbcItemReader" processor="addcItemProcessor" writer="addcItemWriter" commit-interval="5"></batch:chunk>
			</batch:tasklet>
		</batch:step>
	</batch:job>
	<!--ADDC JOB DETAILS -->
	<bean id="addcJobDetail"
		class="org.springframework.scheduling.quartz.JobDetailFactoryBean">
		<property name="jobClass" value="com.fab.si.config.JobLauncherDetails" />
		<property name="group" value="quartz-batch" />
		<property name="jobDataAsMap">
			<map>
				<entry key="jobName" value="addcJob" />
				<entry key="jobLocator" value-ref="jobRegistry" />
				<entry key="jobLauncher" value-ref="jobLauncher" />
			</map>
		</property>
	</bean>
	
	<!-- DEWA SI JOB -->
	<batch:job id="dewaJob">
		<batch:step id="dewaSipayment">
			<batch:tasklet>
				<batch:chunk reader="dewaJdbcItemReader" processor="dewaItemProcessor" writer="dewaItemWriter" commit-interval="5"></batch:chunk>
			</batch:tasklet>
		</batch:step>
	</batch:job>
	<!--DEWA JOB DETAILS -->
	<bean id="dewaJobDetail"
		class="org.springframework.scheduling.quartz.JobDetailFactoryBean">
		<property name="jobClass" value="com.fab.si.config.JobLauncherDetails" />
		<property name="group" value="quartz-batch" />
		<property name="jobDataAsMap">
			<map>
				<entry key="jobName" value="dewaJob" />
				<entry key="jobLocator" value-ref="jobRegistry" />
				<entry key="jobLauncher" value-ref="jobLauncher" />
			</map>
		</property>
	</bean>
	
	<!-- FEWA SI JOB -->
	<batch:job id="fewaJob">
		<batch:step id="fewaSipayment">
			<batch:tasklet>
				<batch:chunk reader="fewaJdbcItemReader" processor="fewaItemProcessor" writer="fewaItemWriter" commit-interval="5"></batch:chunk>
			</batch:tasklet>
		</batch:step>
	</batch:job>
	<!--FEWA JOB DETAILS -->
	<bean id="fewaJobDetail"
		class="org.springframework.scheduling.quartz.JobDetailFactoryBean">
		<property name="jobClass" value="com.fab.si.config.JobLauncherDetails" />
		<property name="group" value="quartz-batch" />
		<property name="jobDataAsMap">
			<map>
				<entry key="jobName" value="fewaJob" />
				<entry key="jobLocator" value-ref="jobRegistry" />
				<entry key="jobLauncher" value-ref="jobLauncher" />
			</map>
		</property>
	</bean>
	
	<!-- ETISALAT SI JOB -->
	<batch:job id="etisalatJob">
		<batch:step id="etisalatSipayment">
			<batch:tasklet>
				<batch:chunk reader="etisalatJdbcItemReader" processor="etisalatItemProcessor" writer="etisalatItemWriter" commit-interval="5"></batch:chunk>
			</batch:tasklet>
		</batch:step>
	</batch:job>
	<!--ETISALAT JOB DETAILS -->
	<bean id="etisalatJobDetail"
		class="org.springframework.scheduling.quartz.JobDetailFactoryBean">
		<property name="jobClass" value="com.fab.si.config.JobLauncherDetails" />
		<property name="group" value="quartz-batch" />
		<property name="jobDataAsMap">
			<map>
				<entry key="jobName" value="etisalatJob" />
				<entry key="jobLocator" value-ref="jobRegistry" />
				<entry key="jobLauncher" value-ref="jobLauncher" />
			</map>
		</property>
	</bean>
	
	<!-- DU SI JOB -->
	<batch:job id="duJob">
		<batch:step id="duSipayment">
			<batch:tasklet>
				<batch:chunk reader="duJdbcItemReader" processor="duItemProcessor" writer="duItemWriter" commit-interval="5"></batch:chunk>
			</batch:tasklet>
		</batch:step>
	</batch:job>
	<!--DU JOB DETAILS -->
	<bean id="duJobDetail"
		class="org.springframework.scheduling.quartz.JobDetailFactoryBean">
		<property name="jobClass" value="com.fab.si.config.JobLauncherDetails" />
		<property name="group" value="quartz-batch" />
		<property name="jobDataAsMap">
			<map>
				<entry key="jobName" value="duJob" />
				<entry key="jobLocator" value-ref="jobRegistry" />
				<entry key="jobLauncher" value-ref="jobLauncher" />
			</map>
		</property>
	</bean>
	
	<!-- FT OWN SI JOB -->
	<batch:job id="ftOwnJob">
		<batch:step id="ftOwnSipayment">
			<batch:tasklet>
				<batch:chunk reader="ftOwnJdbcItemReader" processor="ftOwnItemProcessor" writer="ftOwnItemWriter" commit-interval="5"></batch:chunk>
			</batch:tasklet>
		</batch:step>
	</batch:job>
	<!--FT OWN JOB DETAILS -->
	<bean id="ftOwnJobDetail"
		class="org.springframework.scheduling.quartz.JobDetailFactoryBean">
		<property name="jobClass" value="com.fab.si.config.JobLauncherDetails" />
		<property name="group" value="quartz-batch" />
		<property name="jobDataAsMap">
			<map>
				<entry key="jobName" value="ftOwnJob" />
				<entry key="jobLocator" value-ref="jobRegistry" />
				<entry key="jobLauncher" value-ref="jobLauncher" />
			</map>
		</property>
	</bean>
	
	<!-- FT WIHTIN BANK SI JOB -->
	<batch:job id="ftWithinBankJob">
		<batch:step id="ftWithinBankSipayment">
			<batch:tasklet>
				<batch:chunk reader="ftWithinBankJdbcItemReader" processor="ftWithinBankItemProcessor" writer="ftWithinBankItemWriter" commit-interval="5"></batch:chunk>
			</batch:tasklet>
		</batch:step>
	</batch:job>
	<!--FT WIHTIN BANK JOB DETAILS -->
	<bean id="ftWithinBankJobDetail"
		class="org.springframework.scheduling.quartz.JobDetailFactoryBean">
		<property name="jobClass" value="com.fab.si.config.JobLauncherDetails" />
		<property name="group" value="quartz-batch" />
		<property name="jobDataAsMap">
			<map>
				<entry key="jobName" value="ftWithinBankJob" />
				<entry key="jobLocator" value-ref="jobRegistry" />
				<entry key="jobLauncher" value-ref="jobLauncher" />
			</map>
		</property>
	</bean>
	
	<!-- FT WIHTIN UAE SI JOB -->
	<batch:job id="ftWithinUaeJob">
		<batch:step id="ftWithinUaeSipayment">
			<batch:tasklet>
				<batch:chunk reader="ftWithinUaeJdbcItemReader" processor="ftWithinUaeItemProcessor" writer="ftWithinUaeItemWriter" commit-interval="5"></batch:chunk>
			</batch:tasklet>
		</batch:step>
	</batch:job>
	<!--FT WIHTIN UAE JOB DETAILS -->
	<bean id="ftWithinUaeJobDetail"
		class="org.springframework.scheduling.quartz.JobDetailFactoryBean">
		<property name="jobClass" value="com.fab.si.config.JobLauncherDetails" />
		<property name="group" value="quartz-batch" />
		<property name="jobDataAsMap">
			<map>
				<entry key="jobName" value="ftWithinUaeJob" />
				<entry key="jobLocator" value-ref="jobRegistry" />
				<entry key="jobLauncher" value-ref="jobLauncher" />
			</map>
		</property>
	</bean>
	
	<!-- FT WIHTIN INTERNATIONAL SI JOB -->
	<batch:job id="ftIntJob">
		<batch:step id="ftIntSipayment">
			<batch:tasklet>
				<batch:chunk reader="ftIntJdbcItemReader" processor="ftIntItemProcessor" writer="ftIntItemWriter" commit-interval="5"></batch:chunk>
			</batch:tasklet>
		</batch:step>
	</batch:job>
	<!--FT WIHTIN INTERNATIONAL JOB DETAILS -->
	<bean id="ftIntJobDetail"
		class="org.springframework.scheduling.quartz.JobDetailFactoryBean">
		<property name="jobClass" value="com.fab.si.config.JobLauncherDetails" />
		<property name="group" value="quartz-batch" />
		<property name="jobDataAsMap">
			<map>
				<entry key="jobName" value="ftIntJob" />
				<entry key="jobLocator" value-ref="jobRegistry" />
				<entry key="jobLauncher" value-ref="jobLauncher" />
			</map>
		</property>
	</bean>
	
	
	<!-- NOTIFICATION JOB -->
	<batch:job id="notifyJob">
		<batch:step id="notify">
			<batch:tasklet>
				<batch:chunk reader="notifyJdbcItemReader" processor="notifyItemProcessor" writer="notifyItemWriter" commit-interval="5"></batch:chunk>
			</batch:tasklet>
		</batch:step>
	</batch:job>
	<!--NOTIFY JOB DETAILS -->
	<bean id="notifyJobDetail"
		class="org.springframework.scheduling.quartz.JobDetailFactoryBean">
		<property name="jobClass" value="com.fab.si.config.JobLauncherDetails" />
		<property name="group" value="quartz-batch" />
		<property name="jobDataAsMap">
			<map>
				<entry key="jobName" value="notifyJob" />
				<entry key="jobLocator" value-ref="jobRegistry" />
				<entry key="jobLauncher" value-ref="jobLauncher" />
			</map>
		</property>
	</bean>

	<!-- SALIK CRON JOB TRIGGER EVERY 1 MINUTE -->
	<bean id="salikCronTrigger"
		class="org.springframework.scheduling.quartz.CronTriggerFactoryBean">
		<property name="jobDetail" ref="salikJobDetail" />
		<property name="cronExpression" value="${SALIK_CRON_EXP}" />
	</bean>

	<!-- SEWA CRON JOB TRIGGER EVERY 5 MINUTES -->
	<bean id="sewaCronTrigger"
		class="org.springframework.scheduling.quartz.CronTriggerFactoryBean">
		<property name="jobDetail" ref="sewaJobDetail" />
		<property name="cronExpression" value="${SEWA_CRON_EXP}" />
	</bean>
	
	<!-- DEWA CRON JOB TRIGGER EVERY 5 MINUTES -->
	<bean id="dewaCronTrigger"
		class="org.springframework.scheduling.quartz.CronTriggerFactoryBean">
		<property name="jobDetail" ref="dewaJobDetail" />
		<property name="cronExpression" value="${DEWA_CRON_EXP}" />
	</bean>
	
	<!-- FEWA CRON JOB TRIGGER EVERY 5 MINUTES -->
	<bean id="fewaCronTrigger"
		class="org.springframework.scheduling.quartz.CronTriggerFactoryBean">
		<property name="jobDetail" ref="fewaJobDetail" />
		<property name="cronExpression" value="${FEWA_CRON_EXP}" />
	</bean>
	
	<!-- AADC CRON JOB TRIGGER EVERY 2 MINUTE -->
	<bean id="aadcCronTrigger"
		class="org.springframework.scheduling.quartz.CronTriggerFactoryBean">
		<property name="jobDetail" ref="aadcJobDetail" />
		<property name="cronExpression" value="${AADC_CRON_EXP}" />
	</bean>
	
	<!-- ADDC CRON JOB TRIGGER EVERY 2 MINUTE -->
	<bean id="addcCronTrigger"
		class="org.springframework.scheduling.quartz.CronTriggerFactoryBean">
		<property name="jobDetail" ref="addcJobDetail" />
		<property name="cronExpression" value="${ADDC_CRON_EXP}" />
	</bean>
	
	<!-- ETISALAT CRON JOB TRIGGER EVERY 2 MINUTE -->
	<bean id="etisalatCronTrigger"
		class="org.springframework.scheduling.quartz.CronTriggerFactoryBean">
		<property name="jobDetail" ref="etisalatJobDetail" />
		<property name="cronExpression" value="${ETISALAT_CRON_EXP}" />
	</bean>
	
	<!-- DU CRON JOB TRIGGER EVERY 2 MINUTE -->
	<bean id="duCronTrigger"
		class="org.springframework.scheduling.quartz.CronTriggerFactoryBean">
		<property name="jobDetail" ref="duJobDetail" />
		<property name="cronExpression" value="${DU_CRON_EXP}" />
	</bean>
	
	<!-- FT OWN CRON JOB TRIGGER EVERY 2 MINUTE -->
	<bean id="ftOwnCronTrigger"
		class="org.springframework.scheduling.quartz.CronTriggerFactoryBean">
		<property name="jobDetail" ref="ftOwnJobDetail" />
		<property name="cronExpression" value="${FTOWN_CRON_EXP}" />
	</bean>
	
	<!-- FT WIHTIN BANK CRON JOB TRIGGER EVERY 2 MINUTE -->
	<bean id="ftWithinBankCronTrigger"
		class="org.springframework.scheduling.quartz.CronTriggerFactoryBean">
		<property name="jobDetail" ref="ftWithinBankJobDetail" />
		<property name="cronExpression" value="${FTWITHINBANK_CRON_EXP}" />
	</bean>
	
	<!-- FT WIHTIN UAE CRON JOB TRIGGER EVERY 2 MINUTE -->
	<bean id="ftWithinUaeCronTrigger"
		class="org.springframework.scheduling.quartz.CronTriggerFactoryBean">
		<property name="jobDetail" ref="ftWithinUaeJobDetail" />
		<property name="cronExpression" value="${FTWITHINUAE_CRON_EXP}" />
	</bean>
	
	<!-- FT INTERNATIONAL CRON JOB TRIGGER EVERY 2 MINUTE -->
	<bean id="ftIntCronTrigger"
		class="org.springframework.scheduling.quartz.CronTriggerFactoryBean">
		<property name="jobDetail" ref="ftIntJobDetail" />
		<property name="cronExpression" value="${FTINT_CRON_EXP}" />
	</bean>
	
	<!-- NOTIFICATION CRON JOB TRIGGER EVERY 2 MINUTE -->
	<bean id="notifyCronTrigger"
		class="org.springframework.scheduling.quartz.CronTriggerFactoryBean">
		<property name="jobDetail" ref="notifyJobDetail" />
		<property name="cronExpression" value="${NOTIFY_CRON_EXP}" />
	</bean>

	<!-- CRON JOB TRIGGERS CONFIG -->
	<bean class="org.springframework.scheduling.quartz.SchedulerFactoryBean">
		<property name="schedulerName" value="cronScheduler"/>
		<!-- <property name="autoStartup" value="false"/> -->
		<property name="triggers">
			<list>
				<ref bean="aadcCronTrigger"/>
				<ref bean="addcCronTrigger"/>
				<ref bean="salikCronTrigger" />
				<ref bean="sewaCronTrigger" />
				<ref bean="dewaCronTrigger" />
				<ref bean="fewaCronTrigger" />
				<ref bean="etisalatCronTrigger" />
				<ref bean="duCronTrigger" />
				<ref bean="ftOwnCronTrigger" />
				<ref bean="ftWithinBankCronTrigger" />
				<ref bean="ftWithinUaeCronTrigger" />
				<ref bean="ftIntCronTrigger" />
				<ref bean="notifyCronTrigger"/>
			</list>
		</property>
	</bean>

</beans>