{
  "$schema": "./node_modules/@angular/cli/lib/config/schema.json",
  "project": {
    "name": "personal-banking"
  },
  "apps": [
    {
      "root": "src",
      "outDir": "dist",
      "assets": [
        "app/assets",
        "favicon.ico"
      ],
      "index": "index.html",
      "main": "main.ts",
      "polyfills": "polyfills.ts",
      "test": "test.ts",
      "tsconfig": "tsconfig.app.json",
      "testTsconfig": "tsconfig.spec.json",
      "prefix": "app",
      "styles": [
        "../node_modules/slick-carousel/slick/slick.css",
        "../node_modules/slick-carousel/slick/slick-theme.css",
        "app/assets/css/main.css",
        "styles.css",
        "app/assets/css/jquery-ui.css",
        "../node_modules/@swimlane/ngx-datatable/release/themes/material.css",
        "../node_modules/@swimlane/ngx-datatable/release/assets/icons.css"

      ],
      "scripts": [		    
        "../node_modules/jquery/dist/jquery.js",
        "../node_modules/jquery-validation/dist/jquery.validate.js",
        "app/assets/js/inputValidator.js",
        "../node_modules/crypto-js/crypto-js.js",        
        "../node_modules/bootstrap/dist/js/bootstrap.min.js",
        "../node_modules/slick-carousel/slick/slick.js",
        "app/assets/js/jquery-ui.js"
      ],
      "environmentSource": "environments/environment.ts",
      "environments": {
        "dev": "environments/environment.ts",
        "prod": "environments/environment.prod.ts"
      }
    }
  ],
  "e2e": {
    "protractor": {
      "config": "./protractor.conf.js"
    }
  },
  "lint": [
    {
      "project": "src/tsconfig.app.json"
    },
    {
      "project": "src/tsconfig.spec.json"
    },
    {
      "project": "e2e/tsconfig.e2e.json"
    }
  ],
  "test": {
    "karma": {
      "config": "./karma.conf.js"
    }
  },
  "defaults": {
    "styleExt": "css",
    "component": {}
  }
}
