<?xml version="1.0" encoding="UTF-8"?>
<beans xmlns="http://www.springframework.org/schema/beans"
	xmlns:batch="http://www.springframework.org/schema/batch" 
	xmlns:xsi="http://www.w3.org/2001/XMLSchema-instance"
	xmlns:context="http://www.springframework.org/schema/context"
	xsi:schemaLocation="http://www.springframework.org/schema/batch
	http://www.springframework.org/schema/batch/spring-batch-3.0.xsd
	http://www.springframework.org/schema/beans
	http://www.springframework.org/schema/beans/spring-beans-4.3.xsd 
	http://www.springframework.org/schema/context
	http://www.springframework.org/schema/context/spring-context-4.3.xsd
	http://www.springframework.org/schema/aop 
	http://www.springframework.org/schema/aop/spring-aop-4.3.xsd
    http://www.springframework.org/schema/tx 
    http://www.springframework.org/schema/tx/spring-tx-4.3.xsd">

	<!-- LISTENER -->
	<bean id="readerListener" class="com.fab.recon.listener.ReaderListener"/>
	<bean id="writerListener" class="com.fab.recon.listener.WriterListener"/>
	<bean id="fewaWriterListener" class="com.fab.recon.listener.FewaWriterListener"/>
	<bean id="stepListener" class="com.fab.recon.listener.StepListener"/>
	<bean id="jobListener" class="com.fab.recon.listener.JobListener"/>
	
	<!-- FEWA RECON JOB -->
	<batch:job id="fewaReconJob">
		<batch:step id="fewaHeaderRecon" next="fewaDetailsRecon">
			<batch:tasklet>
				<batch:chunk reader="fewaHeaderJdbcItemReader" processor="fewaHeaderItemProcessor" writer="fewaHeaderItemWriter" commit-interval="10"></batch:chunk>
			</batch:tasklet>
			<batch:listeners>
	            <batch:listener ref="readerListener"/>
	            <batch:listener ref="stepListener"/>
	            <batch:listener ref="writerListener"/>
	        </batch:listeners>
		</batch:step>
		<batch:step id="fewaDetailsRecon">
			<batch:tasklet>
				<batch:chunk reader="fewaJdbcItemReader" processor="fewaItemProcessor" writer="fewaItemWriter" commit-interval="10"></batch:chunk>
			</batch:tasklet>
			<batch:listeners>
	            <batch:listener ref="readerListener"/>
	            <batch:listener ref="stepListener"/>
	            <batch:listener ref="fewaWriterListener"/>
	        </batch:listeners>
		</batch:step>
		<batch:listeners>
	         <batch:listener ref="jobListener"/>
	     </batch:listeners>
	</batch:job>
	<!--FEWA RECON JOB DETAILS -->
	<bean id="fewaReconJobDetail"
		class="org.springframework.scheduling.quartz.JobDetailFactoryBean">
		<property name="jobClass" value="com.fab.recon.config.JobLauncherDetails" />
		<property name="group" value="quartz-batch" />
		<property name="jobDataAsMap">
			<map>
				<entry key="jobName" value="fewaReconJob" />
				<entry key="jobLocator" value-ref="jobRegistry" />
				<entry key="jobLauncher" value-ref="jobLauncher" />
			</map>
		</property>
	</bean>
	
	<!-- FEWA CRON JOB TRIGGER EVERY 5 MINUTES -->
	<bean id="fewaReconCronTrigger"
		class="org.springframework.scheduling.quartz.CronTriggerFactoryBean">
		<property name="jobDetail" ref="fewaReconJobDetail" />
		<property name="cronExpression" value="${FEWA_RECON_CRON_EXP}" />
	</bean>

	<!-- CRON JOB TRIGGERS CONFIG -->
	<bean class="org.springframework.scheduling.quartz.SchedulerFactoryBean">
		<property name="schedulerName" value="cronScheduler"/>
		<!-- <property name="autoStartup" value="false"/> -->
		<property name="triggers">
			<list>
				<ref bean="fewaReconCronTrigger"/>
			</list>
		</property>
	</bean>

</beans>