<web-app xmlns:xsi="http://www.w3.org/2001/XMLSchema-instance"
	xmlns="http://java.sun.com/xml/ns/javaee" xmlns:web="http://java.sun.com/xml/ns/javaee/web-app_2_5.xsd"
	xsi:schemaLocation="http://java.sun.com/xml/ns/javaee 
		http://java.sun.com/xml/ns/javaee/web-app_3_0.xsd"
	id="WebApp_ID" version="3.0">

  	<display-name>StandingInstructions</display-name>

     <listener>
	   <listener-class>org.springframework.web.context.ContextLoaderListener</listener-class>
	</listener>
	
	<context-param>
	    <param-name>contextConfigLocation</param-name>
	    <param-value>classpath:applicationContext.xml</param-value>
	</context-param>
	
	<servlet>
	   <servlet-name>dispatcher</servlet-name>
	   <servlet-class>org.springframework.web.servlet.DispatcherServlet</servlet-class>
	   <init-param>
	     <param-name>contextConfigLocation</param-name>
	     <param-value>classpath:applicationContext.xml</param-value>
	   </init-param>
	   <load-on-startup>1</load-on-startup>
 	</servlet>

	 <servlet-mapping>
	   <servlet-name>dispatcher</servlet-name>
	   <url-pattern>/</url-pattern>
	 </servlet-mapping>
</web-app>