<?xml version='1.0' encoding='UTF-8'?>
<?artifactRepository version='1.1.0'?>
<repository name='file:/D:/E-Drive/AnypointStudio_Workspace/bpms-metstorm-anypoint-connector/target/update-site/ - artifacts' type='org.eclipse.equinox.p2.artifact.repository.simpleRepository' version='1'>
  <properties size='2'>
    <property name='p2.timestamp' value='1508742973675'/>
    <property name='p2.compressed' value='false'/>
  </properties>
  <mappings size='3'>
    <rule filter='(&amp; (classifier=osgi.bundle))' output='${repoUrl}/plugins/${id}_${version}.jar'/>
    <rule filter='(&amp; (classifier=binary))' output='${repoUrl}/binary/${id}_${version}'/>
    <rule filter='(&amp; (classifier=org.eclipse.update.feature))' output='${repoUrl}/features/${id}_${version}.jar'/>
  </mappings>
  <artifacts size='2'>
    <artifact classifier='osgi.bundle' id='org.mule.tooling.ui.contribution.bpms-metstorm-anypoint.3.5.0' version='1.0.0.201710231115'>
      <properties size='3'>
        <property name='artifact.size' value='2811485'/>
        <property name='download.size' value='2811485'/>
        <property name='download.md5' value='878c91e5e792f1324ddb9b9aebd61c6e'/>
      </properties>
    </artifact>
    <artifact classifier='org.eclipse.update.feature' id='org.mule.tooling.ui.extension.bpms-metstorm-anypoint-connector.3.5.0' version='1.0.0.201710231115'>
      <properties size='4'>
        <property name='artifact.size' value='811'/>
        <property name='download.size' value='811'/>
        <property name='download.md5' value='8741a88877c73a71d778288674d6ade0'/>
        <property name='download.contentType' value='application/zip'/>
      </properties>
    </artifact>
  </artifacts>
</repository>
