<?xml version='1.0' encoding='UTF-8'?>
<?metadataRepository version='1.1.0'?>
<repository name='file:/D:/E-Drive/AnypointStudio_Workspace/bpms-metstorm-anypoint-connector/target/update-site/ - metadata' type='org.eclipse.equinox.internal.p2.metadata.repository.LocalMetadataRepository' version='1.0.0'>
  <properties size='2'>
    <property name='p2.timestamp' value='1508742976040'/>
    <property name='p2.compressed' value='false'/>
  </properties>
  <units size='4'>
    <unit id='file:/D:/E-Drive/AnypointStudio_Workspace/bpms-metstorm-anypoint-connector/target/classes/category.xml.org.mule.modules' version='1.0.0.2--cKMyxM7735G5379555C'>
      <properties size='2'>
        <property name='org.eclipse.equinox.p2.name' value='Community'/>
        <property name='org.eclipse.equinox.p2.type.category' value='true'/>
      </properties>
      <provides size='1'>
        <provided namespace='org.eclipse.equinox.p2.iu' name='file:/D:/E-Drive/AnypointStudio_Workspace/bpms-metstorm-anypoint-connector/target/classes/category.xml.org.mule.modules' version='1.0.0.2--cKMyxM7735G5379555C'/>
      </provides>
      <requires size='1'>
        <required namespace='org.eclipse.equinox.p2.iu' name='org.mule.tooling.ui.extension.bpms-metstorm-anypoint-connector.3.5.0.feature.group' range='[1.0.0.201710231115,1.0.0.201710231115]'/>
      </requires>
      <touchpoint id='null' version='0.0.0'/>
    </unit>
    <unit id='org.mule.tooling.ui.contribution.bpms-metstorm-anypoint.3.5.0' version='1.0.0.201710231115'>
      <update id='org.mule.tooling.ui.contribution.bpms-metstorm-anypoint.3.5.0' range='[0.0.0,1.0.0.201710231115)' severity='0'/>
      <properties size='1'>
        <property name='org.eclipse.equinox.p2.name' value='Anypoint BPMS Metastorm'/>
      </properties>
      <provides size='3'>
        <provided namespace='org.eclipse.equinox.p2.iu' name='org.mule.tooling.ui.contribution.bpms-metstorm-anypoint.3.5.0' version='1.0.0.201710231115'/>
        <provided namespace='osgi.bundle' name='org.mule.tooling.ui.contribution.bpms-metstorm-anypoint.3.5.0' version='1.0.0.201710231115'/>
        <provided namespace='org.eclipse.equinox.p2.eclipse.type' name='bundle' version='1.0.0'/>
      </provides>
      <requires size='3'>
        <required namespace='osgi.bundle' name='org.eclipse.ui' range='0.0.0'/>
        <required namespace='osgi.bundle' name='org.eclipse.core.runtime' range='0.0.0'/>
        <required namespace='osgi.bundle' name='org.mule.tooling.core' range='1.0.0'/>
      </requires>
      <artifacts size='1'>
        <artifact classifier='osgi.bundle' id='org.mule.tooling.ui.contribution.bpms-metstorm-anypoint.3.5.0' version='1.0.0.201710231115'/>
      </artifacts>
      <touchpoint id='org.eclipse.equinox.p2.osgi' version='1.0.0'/>
      <touchpointData size='1'>
        <instructions size='2'>
          <instruction key='manifest'>
            Bundle-SymbolicName: org.mule.tooling.ui.contribution.bpms-metstorm-anypoint.3.5.0;singleton:=true&#xA;Bundle-Version: 1.0.0.201710231115
          </instruction>
          <instruction key='zipped'>
            true
          </instruction>
        </instructions>
      </touchpointData>
    </unit>
    <unit id='org.mule.tooling.ui.extension.bpms-metstorm-anypoint-connector.3.5.0.feature.group' version='1.0.0.201710231115' singleton='false'>
      <update id='org.mule.tooling.ui.extension.bpms-metstorm-anypoint-connector.3.5.0.feature.group' range='[0.0.0,1.0.0.201710231115)' severity='0'/>
      <properties size='3'>
        <property name='org.eclipse.equinox.p2.name' value='Anypoint BPMS Metastorm Connector (Mule 3.5.0+)'/>
        <property name='org.eclipse.equinox.p2.provider' value='Mulesoft, Inc.'/>
        <property name='org.eclipse.equinox.p2.type.group' value='true'/>
      </properties>
      <provides size='1'>
        <provided namespace='org.eclipse.equinox.p2.iu' name='org.mule.tooling.ui.extension.bpms-metstorm-anypoint-connector.3.5.0.feature.group' version='1.0.0.201710231115'/>
      </provides>
      <requires size='2'>
        <required namespace='org.eclipse.equinox.p2.iu' name='org.mule.tooling.ui.contribution.bpms-metstorm-anypoint.3.5.0' range='[1.0.0.201710231115,1.0.0.201710231115]'/>
        <required namespace='org.eclipse.equinox.p2.iu' name='org.mule.tooling.ui.extension.bpms-metstorm-anypoint-connector.3.5.0.feature.jar' range='[1.0.0.201710231115,1.0.0.201710231115]'>
          <filter>
            (org.eclipse.update.install.features=true)
          </filter>
        </required>
      </requires>
      <touchpoint id='null' version='0.0.0'/>
      <licenses size='1'>
        <license>
          Copyright © 2017 by Kaushik Mukherjee&#xD;&#xA;&#xD;&#xA;All rights reserved. &#xD;&#xA;No part of this Connector may be decoded , distributed, or transmitted in any form or by any means.&#xD;&#xA;&#xD;&#xA;Kaushik Mukherjee&#xD;&#xA;Abu Dhabi&#xD;&#xA;United Arab Emirates
        </license>
      </licenses>
    </unit>
    <unit id='org.mule.tooling.ui.extension.bpms-metstorm-anypoint-connector.3.5.0.feature.jar' version='1.0.0.201710231115'>
      <properties size='2'>
        <property name='org.eclipse.equinox.p2.name' value='Anypoint BPMS Metastorm Connector (Mule 3.5.0+)'/>
        <property name='org.eclipse.equinox.p2.provider' value='Mulesoft, Inc.'/>
      </properties>
      <provides size='3'>
        <provided namespace='org.eclipse.equinox.p2.iu' name='org.mule.tooling.ui.extension.bpms-metstorm-anypoint-connector.3.5.0.feature.jar' version='1.0.0.201710231115'/>
        <provided namespace='org.eclipse.equinox.p2.eclipse.type' name='feature' version='1.0.0'/>
        <provided namespace='org.eclipse.update.feature' name='org.mule.tooling.ui.extension.bpms-metstorm-anypoint-connector.3.5.0' version='1.0.0.201710231115'/>
      </provides>
      <filter>
        (org.eclipse.update.install.features=true)
      </filter>
      <artifacts size='1'>
        <artifact classifier='org.eclipse.update.feature' id='org.mule.tooling.ui.extension.bpms-metstorm-anypoint-connector.3.5.0' version='1.0.0.201710231115'/>
      </artifacts>
      <touchpoint id='org.eclipse.equinox.p2.osgi' version='1.0.0'/>
      <touchpointData size='1'>
        <instructions size='1'>
          <instruction key='zipped'>
            true
          </instruction>
        </instructions>
      </touchpointData>
      <licenses size='1'>
        <license>
          Copyright © 2017 by Kaushik Mukherjee&#xD;&#xA;&#xD;&#xA;All rights reserved. &#xD;&#xA;No part of this Connector may be decoded , distributed, or transmitted in any form or by any means.&#xD;&#xA;&#xD;&#xA;Kaushik Mukherjee&#xD;&#xA;Abu Dhabi&#xD;&#xA;United Arab Emirates
        </license>
      </licenses>
    </unit>
  </units>
</repository>
