<?xml version="1.0" encoding="UTF-8"?>
<beans xmlns="http://www.springframework.org/schema/beans"
	xmlns:batch="http://www.springframework.org/schema/batch" 
	xmlns:xsi="http://www.w3.org/2001/XMLSchema-instance"
	xmlns:context="http://www.springframework.org/schema/context"
	xsi:schemaLocation="http://www.springframework.org/schema/batch
	http://www.springframework.org/schema/batch/spring-batch-3.0.xsd
	http://www.springframework.org/schema/beans
	http://www.springframework.org/schema/beans/spring-beans-4.3.xsd 
	http://www.springframework.org/schema/context
	http://www.springframework.org/schema/context/spring-context-4.3.xsd
	http://www.springframework.org/schema/aop 
	http://www.springframework.org/schema/aop/spring-aop-4.3.xsd
    http://www.springframework.org/schema/tx 
    http://www.springframework.org/schema/tx/spring-tx-4.3.xsd">

	<bean id="envVarConfig" class="org.jasypt.encryption.pbe.config.EnvironmentStringPBEConfig">
		<property name="passwordSysPropertyName" value="jasypt.password" />
	</bean>
	
	<!-- The will be the encryptor used for decrypting configuration values. -->
	<bean id="configurationEncryptor" class="org.jasypt.encryption.pbe.StandardPBEStringEncryptor">
		<property name="config" ref="envVarConfig" />
	</bean>
	
	<!-- The EncryptablePropertyPlaceholderConfigurer will read the -->
        <!-- .properties files and make their values accessible as ${var} -->
        <!-- Our "configurationEncryptor" bean (which implements -->
        <!-- org.jasypt.encryption.StringEncryptor) is set as a constructor arg. -->
       	<bean id="propertyConfigurer" class="org.jasypt.spring31.properties.EncryptablePropertyPlaceholderConfigurer">
       		<constructor-arg ref="configurationEncryptor"/>
       		<property name="locations">
       			<list>
       				<!-- <value>file:D:/E-Drive/Softwares-new/64Bit-Softwares/wlp/usr/shared/resources/StandingInstructions/si.properties</value> -->
       				<value>file:/pbapp/Batch/resources/StandingInstructions/si.properties</value>
       			</list>
       		</property>
       	</bean>
</beans>