<?xml version="1.0" encoding="UTF-8"?>
<beans xmlns="http://www.springframework.org/schema/beans"
	xmlns:batch="http://www.springframework.org/schema/batch" 
	xmlns:xsi="http://www.w3.org/2001/XMLSchema-instance"
	xmlns:context="http://www.springframework.org/schema/context"
	xsi:schemaLocation="http://www.springframework.org/schema/batch
	http://www.springframework.org/schema/batch/spring-batch-3.0.xsd
	http://www.springframework.org/schema/beans
	http://www.springframework.org/schema/beans/spring-beans-4.3.xsd 
	http://www.springframework.org/schema/context
	http://www.springframework.org/schema/context/spring-context-4.3.xsd
	http://www.springframework.org/schema/aop 
	http://www.springframework.org/schema/aop/spring-aop-4.3.xsd
    http://www.springframework.org/schema/tx 
    http://www.springframework.org/schema/tx/spring-tx-4.3.xsd">

	<!-- COMPONENT PACKAGE SCAN -->
	<context:annotation-config />
	<context:component-scan base-package="com.fab.si" />
	
	<!-- IMPORT PROPERTIES JOBS CRON-TRIGGER RESOURCE -->
	<import resource="classpath:applicationProperties.xml" />
	<import resource="classpath:siJobs.xml" />

	<!-- TRANSACTION MANAGER -->
	<bean id="transactionManager"
		class="org.springframework.batch.support.transaction.ResourcelessTransactionManager" />

	<!-- SPRING BATCH CONTEXT -->
	<bean id="jobRepository"
		class="org.springframework.batch.core.repository.support.MapJobRepositoryFactoryBean">
		<property name="transactionManager" ref="transactionManager" />
	</bean>

	<!-- JOB LAUNCHER -->
	<bean id="jobLauncher"
		class="org.springframework.batch.core.launch.support.SimpleJobLauncher">
		<property name="jobRepository" ref="jobRepository" />
		<!-- PARALLEL JOBS RUNNING CONFIG -->
		<property name="taskExecutor">
			<!-- <bean class="org.springframework.core.task.SimpleAsyncTaskExecutor">
				<property name="concurrencyLimit" value="10" />
			</bean> -->
			<bean class="org.springframework.scheduling.concurrent.ThreadPoolTaskExecutor">
				<property name="corePoolSize" value="${spring.task.thread.core.pool}" />
				<property name="maxPoolSize" value="${spring.task.thread.max.pool}" />
				<property name="WaitForTasksToCompleteOnShutdown" value="true" />
			</bean>
		</property>
	</bean>

	<!-- JOB REGISTRY -->
	<bean id="jobRegistry"
		class="org.springframework.batch.core.configuration.support.MapJobRegistry" />

	<!-- JOB REGISTRY BEAN POST PROCESSOR -->
	<bean id="jobRegistryBeanPostProcessor"
		class="org.springframework.batch.core.configuration.support.JobRegistryBeanPostProcessor">
		<property name="jobRegistry" ref="jobRegistry" />
	</bean>

	<!-- PB JDBC DATASOURCE -->
	<bean id="pbDataSource" class="oracle.ucp.jdbc.PoolDataSourceImpl" primary="true">
		<property name="connectionFactoryClassName" value="oracle.jdbc.pool.OracleDataSource"/>
		<property name="URL" value="${pb.jdbc.url}" />
		<property name="user" value="${pb.jdbc.user}" />
		<property name="password" value="${pb.jdbc.password}" />
		<property name="maxPoolSize" value="${jdbc.max.pool.size}"/>
		<property name="initialPoolSize" value="${jdbc.intial.pool.size}"/>
		<property name="minPoolSize" value="${jdbc.min.pool.size}"/>
		<property name="connectionPoolName" value="PB_CONN_POOL"/>
		<property name="connectionWaitTimeout" value="10"/>
		<property name="validateConnectionOnBorrow" value="true"/>
		<!-- Not recommended for oracle ucp. it does an internal ping which faster than the sql -->
		<!-- <property name="sqlForValidateConnection" value="select 1 from dual"/> --> 
	</bean>
	
	<!-- CI JDBC DATASOURCE -->
	<bean id="ciDs" class="oracle.ucp.jdbc.PoolDataSourceImpl">
		<property name="connectionFactoryClassName" value="oracle.jdbc.pool.OracleDataSource"/>
		<property name="URL" value="${ci.jdbc.url}" />
		<property name="user" value="${ci.jdbc.user}" />
		<property name="password" value="${ci.jdbc.password}" />
		<property name="maxPoolSize" value="${jdbc.max.pool.size}"/>
		<property name="initialPoolSize" value="${jdbc.intial.pool.size}"/>
		<property name="minPoolSize" value="${jdbc.min.pool.size}"/>
		<property name="connectionPoolName" value="CI_CONN_POOL"/>
		<property name="connectionWaitTimeout" value="10"/>
		<property name="validateConnectionOnBorrow" value="true"/>
	</bean>
	
	<!-- DI JDBC DATASOURCE -->
	<bean id="diDs" class="oracle.ucp.jdbc.PoolDataSourceImpl">
		<property name="connectionFactoryClassName" value="oracle.jdbc.pool.OracleDataSource"/>
		<property name="URL" value="${di.jdbc.url}" />
		<property name="user" value="${di.jdbc.user}" />
		<property name="password" value="${di.jdbc.password}" />
		<property name="maxPoolSize" value="${jdbc.max.pool.size}"/>
		<property name="initialPoolSize" value="${jdbc.intial.pool.size}"/>
		<property name="minPoolSize" value="${jdbc.min.pool.size}"/>
		<property name="connectionPoolName" value="DI_CONN_POOL"/>
		<property name="connectionWaitTimeout" value="10"/>
		<property name="validateConnectionOnBorrow" value="true"/>
	</bean>
	
</beans>